{
  "custom": {},
  "params": {
    "label": "Label",
    "value": "Value"
  },
  "propConfig": {
    "params.label": {
      "paramDirection": "input",
      "persistent": true
    },
    "params.value": {
      "paramDirection": "input",
      "persistent": true
    }
  },
  "props": {
    "defaultSize": {
      "height": 142,
      "width": 305
    }
  },
  "root": {
    "children": [
      {
        "meta": {
          "name": "Label"
        },
        "position": {
          "basis": 30
        },
        "propConfig": {
          "props.text": {
            "binding": {
              "config": {
                "path": "view.params.label"
              },
              "type": "property"
            }
          }
        },
        "props": {
          "style": {
            "borderTopLeftRadius": 10,
            "borderTopRightRadius": 10,
            "fontSize": 12,
            "fontWeight": "bold",
            "textAlign": "center"
          }
        },
        "type": "ia.display.label"
      },
      {
        "meta": {
          "name": "Value"
        },
        "position": {
          "basis": "50%",
          "grow": 1
        },
        "propConfig": {
          "props.text": {
            "binding": {
              "config": {
                "path": "view.params.value"
              },
              "type": "property"
            }
          }
        },
        "props": {
          "style": {
            "borderTopLeftRadius": 10,
            "borderTopRightRadius": 10,
            "fontSize": 20,
            "fontWeight": "bold",
            "textAlign": "center"
          }
        },
        "type": "ia.display.label"
      }
    ],
    "meta": {
      "name": "root"
    },
    "props": {
      "direction": "column",
      "style": {
        "borderBottomLeftRadius": 10,
        "borderBottomRightRadius": 10,
        "borderColor": "#AAAAAA",
        "borderStyle": "solid",
        "borderTopLeftRadius": 10,
        "borderTopRightRadius": 10,
        "borderWidth": 1,
        "overflow": "visible"
      }
    },
    "type": "ia.container.flex"
  }
}