{
  "custom": {
    "deviceData": [
      {
        "EMUData": {
          "PhaseA": {
            "Energy": {
              "PhA_ApparentEnergy_kVAh": 6102.9595,
              "PhA_NegativeEnergy_kWh": -0.252131,
              "PhA_NetEnergy_kWh": 4378.4214,
              "PhA_NetReactiveEnergy_kVArh": 3888.316,
              "PhA_PositiveEnergy_kWh": 4378.66
            },
            "Power": {
              "PhA_ApparentPower_VA": 0,
              "PhA_AvgReactivePower_VAr": 0,
              "PhA_Current_Arms": 0,
              "PhA_Frequency_Hz": 59.999943,
              "PhA_HarmonicTruePower_W": 0,
              "PhA_PeakCurrent_A": 2.283196,
              "PhA_PeakVoltage_V": -412.1911,
              "PhA_PowerFactor": 0,
              "PhA_ReactivePowerFF_VAr": 0,
              "PhA_ReactivePower_VAr": 0,
              "PhA_TruePowerFF_W": 0,
              "PhA_TruePower_W": 0,
              "PhA_Voltage_Vrms": 283.49057
            }
          },
          "PhaseB": {
            "Energy": {
              "PhB_ApparentEnergy_kVAh": 5968.0513,
              "PhB_NegativeEnergy_kWh": -0.345084,
              "PhB_NetEnergy_kWh": 4325.723,
              "PhB_NetReactiveEnergy_kVArh": 3685.1277,
              "PhB_PositiveEnergy_kWh": 4326.0684
            },
            "Power": {
              "PhB_ApparentPower_VA": 0,
              "PhB_AvgReactivePower_VAr": 0,
              "PhB_Current_Arms": 0,
              "PhB_Frequency_Hz": 59.999943,
              "PhB_HarmonicTruePower_W": 0,
              "PhB_PeakCurrent_A": -1.8569034,
              "PhB_PeakVoltage_V": 411.0485,
              "PhB_PowerFactor": 0,
              "PhB_ReactivePowerFF_VAr": 0,
              "PhB_ReactivePower_VAr": 0,
              "PhB_TruePowerFF_W": 0,
              "PhB_TruePower_W": 0,
              "PhB_Voltage_Vrms": 285.7175
            }
          },
          "PhaseC": {
            "Energy": {
              "PhC_ApparentEnergy_kVAh": 6085.7646,
              "PhC_NegativeEnergy_kWh": -0.000041,
              "PhC_NetEnergy_kWh": 4494.522,
              "PhC_NetReactiveEnergy_kVArh": 3774.9614,
              "PhC_PositiveEnergy_kWh": 4494.522
            },
            "Power": {
              "PhC_ApparentPower_VA": 0,
              "PhC_AvgReactivePower_VAr": 0,
              "PhC_Current_Arms": 0,
              "PhC_Frequency_Hz": 59.944153,
              "PhC_HarmonicTruePower_W": 0,
              "PhC_PeakCurrent_A": 2.189855,
              "PhC_PeakVoltage_V": -409.50305,
              "PhC_PowerFactor": 0,
              "PhC_ReactivePowerFF_VAr": 0,
              "PhC_ReactivePower_VAr": 0,
              "PhC_TruePowerFF_W": 0,
              "PhC_TruePower_W": 0,
              "PhC_Voltage_Vrms": 283.59296
            }
          },
          "Totals": {
            "Energy": {
              "Intervals": {
                "Total_kWh_15min_marker": 18157.475,
                "Total_kWh_Current_15min_Interval": 0,
                "Total_kWh_Timer": 1
              },
              "Total_NegativeEnergy_kWh": -0.597257,
              "Total_NetApparentEnergy_kWh": 18157.475,
              "Total_NetEnergy_kWh": 13199.691,
              "Total_NetReactiveEnergy_kVArh": 11348.538,
              "Total_PositiveEnergy_kWh": 13200.084,
              "Total_UnsignedEnergy_kWh": 13202.708
            },
            "Power": {
              "Intervals": {
                "Total_VA_15min_Demand": 0,
                "Total_VA_15min_Marker": 0,
                "Total_VA_Timer": 1
              },
              "Total_ApparentPower_VA": 0,
              "Total_PowerFactor": 0,
              "Total_ReactivePower_VAr": 0,
              "Total_TruePower_W": 0
            }
          }
        },
        "EMUProperties": {
          "Firmware Version": "R3.5a",
          "Hardware Part Number": "GRV-R7-I1VAPM-3; 04/13/2020",
          "Hardware Vendor": "Opto 22",
          "Offline DateTime": "2024-01-31 09:45:44.520",
          "Online": true,
          "Online DateTime": "2024-02-23 11:50:23.301"
        }
      }
    ],
    "deviceName": "Compressor1",
    "online": true
  },
  "params": {
    "fullPath": "[MQTT Engine]Edge Nodes/Opto22/EMK1-0001/Energy/Loads/Compressor1"
  },
  "propConfig": {
    "custom.deviceData": {
      "binding": {
        "config": {
          "path": "view.params.fullPath"
        },
        "transforms": [
          {
            "code": "\n\treturn system.tag.readBlocking(value + \".jsonValues\")",
            "type": "script"
          }
        ],
        "type": "property"
      },
      "persistent": true
    },
    "custom.deviceName": {
      "binding": {
        "config": {
          "path": "view.params.fullPath"
        },
        "transforms": [
          {
            "code": "\treturn value.split(\"/\")[len(value.split(\"/\"))-1]",
            "type": "script"
          }
        ],
        "type": "property"
      },
      "persistent": true
    },
    "custom.online": {
      "binding": {
        "config": {
          "fallbackDelay": 2.5,
          "mode": "indirect",
          "references": {
            "fullPath": "{view.params.fullPath}"
          },
          "tagPath": "{fullPath}/EmuProperties/Online"
        },
        "type": "tag"
      },
      "persistent": true
    },
    "params.fullPath": {
      "paramDirection": "input",
      "persistent": true
    }
  },
  "props": {
    "defaultSize": {
      "height": 203,
      "width": 661
    }
  },
  "root": {
    "children": [
      {
        "meta": {
          "name": "Label"
        },
        "position": {
          "basis": 80
        },
        "propConfig": {
          "props.style.backgroundColor": {
            "binding": {
              "config": {
                "path": "view.custom.online"
              },
              "overlayOptOut": true,
              "transforms": [
                {
                  "fallback": "#D1EC0E",
                  "inputType": "scalar",
                  "mappings": [
                    {
                      "input": true,
                      "output": "#04D182"
                    },
                    {
                      "input": false,
                      "output": "#FF6B72"
                    }
                  ],
                  "outputType": "scalar",
                  "type": "map"
                }
              ],
              "type": "property"
            }
          },
          "props.text": {
            "binding": {
              "config": {
                "path": "view.custom.deviceName"
              },
              "type": "property"
            }
          }
        },
        "props": {
          "style": {
            "borderTopLeftRadius": 8,
            "borderTopRightRadius": 8,
            "color": "#2B2B2B",
            "fontSize": 16,
            "fontWeight": "bold",
            "textAlign": "center"
          }
        },
        "type": "ia.display.label"
      },
      {
        "children": [
          {
            "children": [
              {
                "meta": {
                  "name": "Image"
                },
                "position": {
                  "basis": "90%",
                  "grow": 1
                },
                "props": {
                  "fit": {
                    "mode": "contain"
                  },
                  "source": "/system/images/devices/groovEmu.png"
                },
                "type": "ia.display.image"
              },
              {
                "meta": {
                  "name": "lblHardwareVendor"
                },
                "position": {
                  "basis": 20,
                  "display": false
                },
                "propConfig": {
                  "props.text": {
                    "binding": {
                      "config": {
                        "fallbackDelay": 2.5,
                        "mode": "indirect",
                        "references": {
                          "fullPath": "{view.params.fullPath}"
                        },
                        "tagPath": "{fullPath}/EMUProperties/Hardware Vendor"
                      },
                      "transforms": [
                        {
                          "code": "\treturn value.split(\";\")[0]",
                          "type": "script"
                        }
                      ],
                      "type": "tag"
                    }
                  }
                },
                "props": {
                  "style": {
                    "fontSize": 10,
                    "textAlign": "center"
                  }
                },
                "type": "ia.display.label"
              },
              {
                "meta": {
                  "name": "lblHardwarePartNumber"
                },
                "position": {
                  "basis": 20
                },
                "propConfig": {
                  "props.text": {
                    "binding": {
                      "config": {
                        "fallbackDelay": 2.5,
                        "mode": "indirect",
                        "references": {
                          "fullPath": "{view.params.fullPath}"
                        },
                        "tagPath": "{fullPath}/EMUProperties/Hardware Part Number"
                      },
                      "transforms": [
                        {
                          "code": "\treturn value.split(\";\")[0]",
                          "type": "script"
                        }
                      ],
                      "type": "tag"
                    }
                  }
                },
                "props": {
                  "style": {
                    "fontSize": 9,
                    "textAlign": "center"
                  }
                },
                "type": "ia.display.label"
              }
            ],
            "meta": {
              "name": "EMUProduct"
            },
            "position": {
              "basis": 120
            },
            "props": {
              "direction": "column",
              "style": {
                "overflow": "visible"
              }
            },
            "type": "ia.container.flex"
          },
          {
            "meta": {
              "name": "VertBorder"
            },
            "position": {
              "basis": 1
            },
            "props": {
              "style": {
                "borderColor": "#AAAAAA",
                "borderStyle": "solid",
                "borderWidth": 1,
                "margin": 10
              }
            },
            "type": "ia.container.flex"
          },
          {
            "children": [
              {
                "meta": {
                  "name": "Info1"
                },
                "position": {
                  "basis": 20
                },
                "propConfig": {
                  "props.params.value": {
                    "binding": {
                      "config": {
                        "fallbackDelay": 2.5,
                        "mode": "indirect",
                        "references": {
                          "fullPath": "{view.params.fullPath}"
                        },
                        "tagPath": "{fullPath}/Parameters/Asset Description"
                      },
                      "type": "tag"
                    }
                  }
                },
                "props": {
                  "params": {
                    "fontSize": 10,
                    "label": "Asset Description",
                    "type": "string"
                  },
                  "path": "Templates/Elements/InfoElement",
                  "style": {
                    "marginBottom": 5,
                    "overflow": "visible"
                  }
                },
                "type": "ia.display.view"
              },
              {
                "meta": {
                  "name": "Info2"
                },
                "position": {
                  "basis": 20
                },
                "propConfig": {
                  "props.params.value": {
                    "binding": {
                      "config": {
                        "fallbackDelay": 2.5,
                        "mode": "indirect",
                        "references": {
                          "fullPath": "{view.params.fullPath}"
                        },
                        "tagPath": "{fullPath}/Parameters/Asset Location"
                      },
                      "type": "tag"
                    }
                  }
                },
                "props": {
                  "params": {
                    "fontSize": 10,
                    "label": "Asset Location",
                    "type": "string"
                  },
                  "path": "Templates/Elements/InfoElement",
                  "style": {
                    "marginBottom": 5,
                    "overflow": "visible"
                  }
                },
                "type": "ia.display.view"
              },
              {
                "meta": {
                  "name": "Info3"
                },
                "position": {
                  "basis": 20
                },
                "propConfig": {
                  "props.params.value": {
                    "binding": {
                      "config": {
                        "fallbackDelay": 2.5,
                        "mode": "indirect",
                        "references": {
                          "fullPath": "{view.params.fullPath}"
                        },
                        "tagPath": "{fullPath}/Parameters/Load Type"
                      },
                      "type": "tag"
                    }
                  }
                },
                "props": {
                  "params": {
                    "fontSize": 10,
                    "label": "Load Type"
                  },
                  "path": "Templates/Elements/InfoElement",
                  "style": {
                    "marginBottom": 5,
                    "overflow": "visible"
                  }
                },
                "type": "ia.display.view"
              },
              {
                "meta": {
                  "name": "Info4"
                },
                "position": {
                  "basis": 20
                },
                "propConfig": {
                  "props.params.value": {
                    "binding": {
                      "config": {
                        "fallbackDelay": 2.5,
                        "mode": "indirect",
                        "references": {
                          "fullPath": "{view.params.fullPath}"
                        },
                        "tagPath": "{fullPath}/Parameters/Load Side Current Transformer Rating"
                      },
                      "type": "tag"
                    }
                  }
                },
                "props": {
                  "params": {
                    "fontSize": 10,
                    "label": "Current Rating"
                  },
                  "path": "Templates/Elements/InfoElement",
                  "style": {
                    "marginBottom": 5,
                    "overflow": "visible"
                  }
                },
                "type": "ia.display.view"
              },
              {
                "meta": {
                  "name": "Info5"
                },
                "position": {
                  "basis": 20
                },
                "propConfig": {
                  "props.params.value": {
                    "binding": {
                      "config": {
                        "fallbackDelay": 2.5,
                        "mode": "indirect",
                        "references": {
                          "fullPath": "{view.params.fullPath}"
                        },
                        "tagPath": "{fullPath}/Parameters/Load Install Date"
                      },
                      "type": "tag"
                    }
                  }
                },
                "props": {
                  "params": {
                    "fontSize": 10,
                    "label": "Load Install Date"
                  },
                  "path": "Templates/Elements/InfoElement",
                  "style": {
                    "marginBottom": 5,
                    "overflow": "visible"
                  }
                },
                "type": "ia.display.view"
              }
            ],
            "meta": {
              "name": "Parameters"
            },
            "position": {
              "basis": "100%",
              "grow": 1
            },
            "props": {
              "direction": "column"
            },
            "type": "ia.container.flex"
          }
        ],
        "meta": {
          "name": "Body"
        },
        "position": {
          "basis": "200px",
          "grow": 1
        },
        "props": {
          "style": {
            "padding": 5
          }
        },
        "type": "ia.container.flex"
      }
    ],
    "meta": {
      "name": "root"
    },
    "propConfig": {
      "props.style.borderColor": {
        "binding": {
          "config": {
            "path": "view.custom.online"
          },
          "transforms": [
            {
              "fallback": "#D1EC0E",
              "inputType": "scalar",
              "mappings": [
                {
                  "input": true,
                  "output": "#04D182"
                },
                {
                  "input": false,
                  "output": "#FF6B72"
                }
              ],
              "outputType": "scalar",
              "type": "map"
            }
          ],
          "type": "property"
        }
      }
    },
    "props": {
      "direction": "column",
      "style": {
        "borderBottomLeftRadius": 15,
        "borderBottomRightRadius": 15,
        "borderStyle": "solid",
        "borderTopLeftRadius": 15,
        "borderTopRightRadius": 15,
        "borderWidth": 2
      }
    },
    "type": "ia.container.flex"
  }
}