{
  "custom": {},
  "params": {
    "companyName": null,
    "userid": null
  },
  "propConfig": {
    "params.companyName": {
      "paramDirection": "input",
      "persistent": true
    },
    "params.userid": {
      "paramDirection": "input",
      "persistent": true
    }
  },
  "props": {
    "defaultSize": {
      "height": 632,
      "width": 739
    }
  },
  "root": {
    "children": [
      {
        "children": [
          {
            "meta": {
              "name": "title"
            },
            "position": {
              "basis": "50px",
              "grow": 1
            },
            "propConfig": {
              "props.text": {
                "binding": {
                  "config": {
                    "path": "view.params.companyName"
                  },
                  "transforms": [
                    {
                      "fallback": "Edit Company User",
                      "inputType": "scalar",
                      "mappings": [
                        {
                          "input": null,
                          "output": "Add New Company User"
                        }
                      ],
                      "outputType": "scalar",
                      "type": "map"
                    }
                  ],
                  "type": "property"
                }
              }
            },
            "props": {
              "style": {
                "color": "#FFFFFF",
                "fontSize": 18,
                "fontWeight": "bold",
                "marginLeft": 10
              }
            },
            "type": "ia.display.label"
          },
          {
            "events": {
              "dom": {
                "onClick": {
                  "config": {
                    "script": "\tsystem.perspective.closePopup(\"addEditCompanyUser\")"
                  },
                  "scope": "G",
                  "type": "script"
                }
              }
            },
            "meta": {
              "name": "Button"
            },
            "position": {
              "basis": "34px"
            },
            "props": {
              "image": {
                "icon": {
                  "color": "#2B2B2B",
                  "path": "material/close"
                }
              },
              "primary": false,
              "style": {
                "margin": 10
              },
              "text": ""
            },
            "type": "ia.input.button"
          }
        ],
        "meta": {
          "name": "FlexContainer"
        },
        "position": {
          "basis": 50
        },
        "props": {
          "style": {
            "backgroundColor": "#000F5D"
          }
        },
        "type": "ia.container.flex"
      },
      {
        "children": [
          {
            "children": [
              {
                "meta": {
                  "name": "label"
                },
                "position": {
                  "basis": 40
                },
                "props": {
                  "text": "User Email"
                },
                "type": "ia.display.label"
              },
              {
                "meta": {
                  "name": "value"
                },
                "position": {
                  "basis": "100%",
                  "grow": 1
                },
                "props": {
                  "placeholder": "Enter user email address...",
                  "style": {
                    "fontSize": 18,
                    "fontWeight": "normal"
                  }
                },
                "type": "ia.input.text-field"
              }
            ],
            "meta": {
              "name": "Email"
            },
            "position": {
              "basis": 80
            },
            "props": {
              "direction": "column",
              "style": {
                "margin": 20,
                "marginTop": 20
              }
            },
            "type": "ia.container.flex"
          },
          {
            "children": [
              {
                "meta": {
                  "name": "label"
                },
                "position": {
                  "basis": 40
                },
                "props": {
                  "text": "Initial Password"
                },
                "type": "ia.display.label"
              },
              {
                "meta": {
                  "name": "value"
                },
                "position": {
                  "basis": "100%",
                  "grow": 1
                },
                "propConfig": {
                  "props.text": {
                    "binding": {
                      "config": {
                        "expression": "true"
                      },
                      "transforms": [
                        {
                          "code": "\t\n\treturn ESN.createInitialPassword()",
                          "type": "script"
                        }
                      ],
                      "type": "expr"
                    }
                  }
                },
                "props": {
                  "placeholder": "Enter user email address...",
                  "style": {
                    "fontSize": 18,
                    "fontWeight": "normal"
                  }
                },
                "type": "ia.input.text-field"
              },
              {
                "meta": {
                  "name": "notes"
                },
                "position": {
                  "basis": 40
                },
                "props": {
                  "style": {
                    "fontSize": 12,
                    "fontStyle": "italic"
                  },
                  "text": "Users can change passwords after logging in for first time."
                },
                "type": "ia.display.label"
              }
            ],
            "meta": {
              "name": "Password"
            },
            "position": {
              "basis": 100
            },
            "props": {
              "direction": "column",
              "style": {
                "margin": 20,
                "marginTop": 20
              }
            },
            "type": "ia.container.flex"
          },
          {
            "meta": {
              "name": "filler"
            },
            "position": {
              "basis": "200px",
              "grow": 1
            },
            "type": "ia.container.flex"
          },
          {
            "events": {
              "dom": {
                "onClick": {
                  "config": {
                    "script": "\n\temail \u003d self.parent.getChild(\"Email\").getChild(\"value\").props.text\n\tinitialPassword \u003d self.parent.getChild(\"Password\").getChild(\"value\").props.text\n\tsystem.perspective.print(self.view.params.companyName)\n\tsystem.perspective.print(email)\n\n#\tif self.view.params.userid \u003d\u003d None:\n\tESN.addNewCompanyUser(self.view.params.companyName,email,initialPassword)\n#\telse:\n#\t\tESN.updateCompanyUser(self.view.params.companyName,self.view.params.userid,email)\n\t\n\t#refresh the data\n\tsystem.perspective.sendMessage(\"refreshData\")\n\t\n\tsystem.perspective.closePopup(\"addEditCompanyUser\")"
                  },
                  "scope": "G",
                  "type": "script"
                }
              }
            },
            "meta": {
              "name": "btnSave"
            },
            "position": {
              "basis": 50
            },
            "props": {
              "primary": false,
              "style": {
                "backgroundColor": "#000F5D",
                "color": "#FFFFFF",
                "marginLeft": "30%",
                "marginRight": "30%"
              },
              "text": "Save"
            },
            "type": "ia.input.button"
          }
        ],
        "meta": {
          "name": "Body"
        },
        "position": {
          "basis": "200px",
          "grow": 1
        },
        "props": {
          "direction": "column",
          "style": {
            "marginBottom": 20
          }
        },
        "type": "ia.container.flex"
      }
    ],
    "custom": {
      "key": "value"
    },
    "meta": {
      "name": "root"
    },
    "props": {
      "direction": "column"
    },
    "type": "ia.container.flex"
  }
}