{
  "custom": {
    "isModified": false
  },
  "params": {
    "enabled": true,
    "label": "value",
    "originalValue": null,
    "subText": "",
    "type": "textbox",
    "value": ""
  },
  "propConfig": {
    "custom.isModified": {
      "binding": {
        "config": {
          "path": "view.params.value"
        },
        "transforms": [
          {
            "code": "\tif value !\u003d self.params.originalValue and self.params.originalValue!\u003d None:\n\t\treturn True\n\telse:\n\t\treturn False\n",
            "type": "script"
          }
        ],
        "type": "property"
      },
      "persistent": true
    },
    "params.enabled": {
      "paramDirection": "inout",
      "persistent": true
    },
    "params.label": {
      "paramDirection": "inout",
      "persistent": true
    },
    "params.originalValue": {
      "paramDirection": "input",
      "persistent": true
    },
    "params.subText": {
      "paramDirection": "input",
      "persistent": true
    },
    "params.type": {
      "paramDirection": "input",
      "persistent": true
    },
    "params.value": {
      "paramDirection": "inout",
      "persistent": true
    }
  },
  "props": {
    "defaultSize": {
      "height": 131
    }
  },
  "root": {
    "children": [
      {
        "children": [
          {
            "meta": {
              "name": "Label"
            },
            "position": {
              "basis": "50px",
              "grow": 1
            },
            "propConfig": {
              "props.text": {
                "binding": {
                  "config": {
                    "path": "view.params.label"
                  },
                  "overlayOptOut": true,
                  "type": "property"
                }
              }
            },
            "props": {
              "style": {
                "fontWeight": "bold",
                "marginLeft": 10
              }
            },
            "type": "ia.display.label"
          },
          {
            "meta": {
              "name": "ModifiedIcon",
              "tooltip": {
                "enabled": true,
                "text": "Unsaved changes!"
              }
            },
            "position": {
              "basis": "30px"
            },
            "propConfig": {
              "position.display": {
                "binding": {
                  "config": {
                    "path": "view.custom.isModified"
                  },
                  "type": "property"
                }
              }
            },
            "props": {
              "color": "#FF8A8A",
              "path": "material/error_outline",
              "style": {
                "marginRight": 5
              }
            },
            "type": "ia.display.icon"
          }
        ],
        "meta": {
          "name": "Left"
        },
        "position": {
          "basis": "200px"
        },
        "props": {
          "style": {
            "backgroundColor": "E1E8EE"
          }
        },
        "type": "ia.container.flex"
      },
      {
        "children": [
          {
            "children": [
              {
                "meta": {
                  "name": "PasswordField"
                },
                "position": {
                  "basis": "300px"
                },
                "propConfig": {
                  "position.display": {
                    "binding": {
                      "config": {
                        "expression": "{view.params.type} \u003d \u0027password\u0027"
                      },
                      "type": "expr"
                    }
                  },
                  "props.enabled": {
                    "binding": {
                      "config": {
                        "path": "view.params.enabled"
                      },
                      "overlayOptOut": true,
                      "type": "property"
                    }
                  },
                  "props.text": {
                    "binding": {
                      "config": {
                        "bidirectional": true,
                        "path": "view.params.value"
                      },
                      "overlayOptOut": true,
                      "type": "property"
                    }
                  }
                },
                "type": "ia.input.password-field"
              },
              {
                "meta": {
                  "name": "Checkbox"
                },
                "position": {
                  "basis": "500px",
                  "grow": 1
                },
                "propConfig": {
                  "position.display": {
                    "binding": {
                      "config": {
                        "expression": "{view.params.type} \u003d \u0027checkbox\u0027"
                      },
                      "type": "expr"
                    }
                  },
                  "props.enabled": {
                    "binding": {
                      "config": {
                        "path": "view.params.enabled"
                      },
                      "overlayOptOut": true,
                      "type": "property"
                    }
                  },
                  "props.selected": {
                    "binding": {
                      "config": {
                        "bidirectional": true,
                        "path": "view.params.value"
                      },
                      "overlayOptOut": true,
                      "type": "property"
                    }
                  },
                  "props.text": {
                    "binding": {
                      "config": {
                        "path": "view.params.subText"
                      },
                      "overlayOptOut": true,
                      "type": "property"
                    }
                  }
                },
                "type": "ia.input.checkbox"
              },
              {
                "meta": {
                  "name": "TextField"
                },
                "position": {
                  "basis": 300
                },
                "propConfig": {
                  "position.display": {
                    "binding": {
                      "config": {
                        "expression": "{view.params.type} \u003d \u0027textbox\u0027"
                      },
                      "type": "expr"
                    }
                  },
                  "props.enabled": {
                    "binding": {
                      "config": {
                        "path": "view.params.enabled"
                      },
                      "overlayOptOut": true,
                      "type": "property"
                    }
                  },
                  "props.text": {
                    "binding": {
                      "config": {
                        "bidirectional": true,
                        "path": "view.params.value"
                      },
                      "overlayOptOut": true,
                      "type": "property"
                    }
                  }
                },
                "props": {
                  "deferUpdates": false
                },
                "type": "ia.input.text-field"
              }
            ],
            "meta": {
              "name": "ValueArea"
            },
            "position": {
              "basis": "50px"
            },
            "type": "ia.container.flex"
          },
          {
            "meta": {
              "name": "lblSubText"
            },
            "position": {
              "basis": 30
            },
            "propConfig": {
              "position.display": {
                "binding": {
                  "config": {
                    "expression": "{view.params.type} !\u003d \u0027checkbox\u0027 \u0026\u0026\r\nif({page.props.dimensions.viewport.width} \u003c 1000,false, true)"
                  },
                  "type": "expr"
                }
              },
              "props.text": {
                "binding": {
                  "config": {
                    "path": "view.params.subText"
                  },
                  "overlayOptOut": true,
                  "type": "property"
                }
              }
            },
            "props": {
              "style": {
                "color": "#555555"
              }
            },
            "type": "ia.display.label"
          }
        ],
        "meta": {
          "name": "Right"
        },
        "position": {
          "basis": "200px",
          "grow": 1
        },
        "props": {
          "direction": "column",
          "justify": "center",
          "style": {
            "backgroundColor": "#FFFFFF",
            "padding": 10,
            "paddingBottom": 5,
            "paddingTop": 15
          }
        },
        "type": "ia.container.flex"
      }
    ],
    "meta": {
      "name": "root"
    },
    "props": {
      "style": {
        "borderColor": "#555555",
        "borderStyle": "solid",
        "borderWidth": "0px 0px 1px 0px"
      }
    },
    "type": "ia.container.flex"
  }
}