{
  "custom": {},
  "params": {
    "value": {
      "name": ""
    }
  },
  "propConfig": {
    "params.value": {
      "paramDirection": "input",
      "persistent": true
    }
  },
  "props": {
    "defaultSize": {
      "height": 34,
      "width": 102
    }
  },
  "root": {
    "children": [
      {
        "events": {
          "dom": {
            "onClick": {
              "config": {
                "script": "#\tlogger \u003d system.util.getLogger(\"myLogger\")\n#\tlogger.info(str(self.view.params.value))\n\tsystem.perspective.navigate(\"/company-portal/\" + str(self.view.params.value))\n"
              },
              "scope": "G",
              "type": "script"
            }
          }
        },
        "meta": {
          "name": "Button",
          "tooltip": {}
        },
        "position": {
          "basis": "34px",
          "grow": 1
        },
        "propConfig": {
          "meta.tooltip.text": {
            "binding": {
              "config": {
                "path": "view.params.companyName"
              },
              "type": "property"
            }
          }
        },
        "props": {
          "style": {
            "margin": 10
          },
          "text": "Edit"
        },
        "type": "ia.input.button"
      }
    ],
    "meta": {
      "name": "root"
    },
    "props": {
      "direction": "column"
    },
    "type": "ia.container.flex"
  }
}