{
  "custom": {},
  "params": {
    "companyid": 2,
    "email": 1
  },
  "propConfig": {
    "params.companyid": {
      "paramDirection": "input",
      "persistent": true
    },
    "params.email": {
      "paramDirection": "input",
      "persistent": true
    }
  },
  "props": {
    "defaultSize": {
      "height": 235,
      "width": 476
    }
  },
  "root": {
    "children": [
      {
        "children": [
          {
            "meta": {
              "name": "title"
            },
            "position": {
              "basis": "50px",
              "grow": 1
            },
            "propConfig": {
              "props.text": {
                "binding": {
                  "config": {
                    "path": "view.params.companyid"
                  },
                  "transforms": [
                    {
                      "code": "\treturn \u0027Remove User From \u0027 + str(value)",
                      "type": "script"
                    }
                  ],
                  "type": "property"
                }
              }
            },
            "props": {
              "style": {
                "color": "#FFFFFF",
                "fontSize": 18,
                "fontWeight": "bold",
                "marginLeft": 10
              }
            },
            "type": "ia.display.label"
          },
          {
            "events": {
              "dom": {
                "onClick": {
                  "config": {
                    "script": "\tsystem.perspective.closePopup(\"removeCompanyUser\")"
                  },
                  "scope": "G",
                  "type": "script"
                }
              }
            },
            "meta": {
              "name": "Button"
            },
            "position": {
              "basis": "34px"
            },
            "props": {
              "image": {
                "icon": {
                  "color": "#2B2B2B",
                  "path": "material/close"
                }
              },
              "primary": false,
              "style": {
                "margin": 10
              },
              "text": ""
            },
            "type": "ia.input.button"
          }
        ],
        "meta": {
          "name": "FlexContainer"
        },
        "position": {
          "basis": "50px"
        },
        "props": {
          "style": {
            "backgroundColor": "#FF8A8A"
          }
        },
        "type": "ia.container.flex"
      },
      {
        "children": [
          {
            "meta": {
              "name": "Label"
            },
            "position": {
              "basis": "32px",
              "grow": 1
            },
            "propConfig": {
              "props.text": {
                "binding": {
                  "config": {
                    "path": "view.params.companyid"
                  },
                  "transforms": [
                    {
                      "code": "\treturn \"Are you sure you want to remove \" + str(self.view.params.email) + \" from the company \" + str(value) + \"?\"",
                      "type": "script"
                    }
                  ],
                  "type": "property"
                }
              }
            },
            "props": {
              "style": {
                "margin": 10
              }
            },
            "type": "ia.display.label"
          },
          {
            "meta": {
              "name": "filler"
            },
            "position": {
              "basis": "50px",
              "grow": 1
            },
            "type": "ia.container.flex"
          },
          {
            "events": {
              "dom": {
                "onClick": {
                  "config": {
                    "script": "\n\tESN.removeCompanyUser(self.view.params.companyid,self.view.params.email)\n\t\n\t#refresh the data\n\tsystem.perspective.sendMessage(\"refreshData\")\n\tsystem.perspective.closePopup(\"removeCompanyUser\")"
                  },
                  "scope": "G",
                  "type": "script"
                }
              }
            },
            "meta": {
              "name": "btnDelete"
            },
            "position": {
              "basis": 50
            },
            "props": {
              "primary": false,
              "style": {
                "backgroundColor": "#FF8A8A",
                "color": "#FFFFFF",
                "marginLeft": "30%",
                "marginRight": "30%"
              },
              "text": "Remove User"
            },
            "type": "ia.input.button"
          }
        ],
        "meta": {
          "name": "Body"
        },
        "position": {
          "basis": "50px",
          "grow": 1
        },
        "props": {
          "direction": "column",
          "style": {
            "marginBottom": 20
          }
        },
        "type": "ia.container.flex"
      }
    ],
    "custom": {
      "key": "value"
    },
    "meta": {
      "name": "root"
    },
    "props": {
      "direction": "column"
    },
    "type": "ia.container.flex"
  }
}